date;type_transaction;symbol;nb_stocks;transaction_value
2006-01-03 00:00:00;BUY;CBG;1;20.0967
2006-01-03 00:00:00;BUY;AMGN;1;72.2693
2006-01-03 00:00:00;BUY;JEC;1;34.505
2006-01-03 00:00:00;BUY;MRK;1;21.5086
2006-01-03 00:00:00;BUY;FIS;1;18.3414
2006-01-03 00:00:00;BUY;SYY;1;22.0084
2006-01-03 00:00:00;BUY;KR;1;8.0831
2006-01-03 00:00:00;BUY;M;1;27.4347
2006-01-03 00:00:00;BUY;TSCO;1;12.642
2006-01-03 00:00:00;BUY;SPGI;1;41.4964
2006-01-03 00:00:00;BUY;DRI;1;27.6382
2006-01-03 00:00:00;BUY;MAT;1;9.98508
2006-01-03 00:00:00;BUY;LUK;1;21.2171
2006-01-03 00:00:00;BUY;LVLT;1;43.8
2006-01-03 00:00:00;BUY;PPL;1;18.8406
2006-01-03 00:00:00;BUY;AVY;1;40.8754
2006-01-03 00:00:00;BUY;SBUX;1;14.0448
2006-01-03 00:00:00;BUY;PAYX;1;26.1601
2006-01-03 00:00:00;BUY;OXY;1;31.6759
2006-01-03 00:00:00;BUY;COST;1;39.8548
2006-01-03 00:00:00;BUY;ETFC;1;209.4
2006-01-03 00:00:00;BUY;UNH;1;55.5905
2006-01-03 00:00:00;BUY;STT;1;48.8891
2006-01-03 00:00:00;BUY;T;1;13.8873
2006-01-03 00:00:00;BUY;NUE;1;24.0082
2006-01-03 00:00:00;BUY;MAS;1;20.5062
2006-01-03 00:00:00;BUY;ROP;1;37.0841
2006-01-03 00:00:00;BUY;JNJ;1;44.5695
2006-01-03 00:00:00;BUY;FMC;1;12.1846
2006-01-03 00:00:00;BUY;LLTC;1;27.3539
2006-01-03 00:00:00;BUY;EXPD;1;29.9701
2006-01-03 00:00:00;BUY;TAP;1;26.5007
2006-01-03 00:00:00;BUY;LUV;1;15.72
2006-01-03 00:00:00;BUY;AON;1;32.2723
2006-01-03 00:00:00;BUY;MYL;1;19.6531
2006-01-03 00:00:00;BUY;FLR;1;35.1096
2006-01-03 00:00:00;BUY;SO;1;21.2064
2006-01-03 00:00:00;BUY;DLTR;1;8.06667
2006-01-03 00:00:00;BUY;DIS;1;20.7631
2006-01-03 00:00:00;BUY;CHK;1;27.7017
2006-01-03 00:00:00;BUY;AMZN;1;47.58
2006-01-03 00:00:00;BUY;ABT;1;14.1201
2006-01-03 00:00:00;BUY;MRO;1;15.0585
2006-01-03 00:00:00;BUY;WYNN;1;32.3241
2006-01-03 00:00:00;BUY;EXR;1;9.71688
2006-01-03 00:00:00;BUY;VLO;1;40.3343
2006-01-03 00:00:00;BUY;AMP;1;33.8218
2006-01-03 00:00:00;BUY;YUM;1;13.5331
2006-01-03 00:00:00;BUY;ZION;1;67.5575
2006-01-03 00:00:00;BUY;NBL;1;18.5202
2006-01-03 00:00:00;BUY;HRB;1;17.1987
2006-01-03 00:00:00;BUY;KSU;1;23.148
2006-01-03 00:00:00;BUY;BBT;1;28.6894
2006-01-03 00:00:00;BUY;GPC;1;31.0802
2006-01-03 00:00:00;BUY;BIIB;1;46.74
2006-01-03 00:00:00;BUY;GD;1;44.9945
2006-01-03 00:00:00;BUY;JNPR;1;20.4315
2006-01-03 00:00:00;BUY;R;1;32.4204
2006-01-03 00:00:00;BUY;KEY;1;25.6103
2006-01-03 00:00:00;BUY;BHI;1;56.5423
2006-01-03 00:00:00;BUY;CSX;1;6.70802
2006-01-03 00:00:00;BUY;XL;1;50.4449
2006-01-03 00:00:00;BUY;RAI;1;6.75957
2006-01-03 00:00:00;BUY;LLY;1;37.36
2006-01-03 00:00:00;BUY;GE;1;24.082
2006-01-03 00:00:00;BUY;XEC;1;42.3297
2006-01-03 00:00:00;BUY;AJG;1;19.9501
2006-01-03 00:00:00;BUY;CMCSA;1;14.9496
2006-01-03 00:00:00;BUY;MSFT;1;20.9434
2006-01-03 00:00:00;BUY;AMG;1;82.43
2006-01-03 00:00:00;BUY;UPS;1;55.8871
2006-01-03 00:00:00;BUY;CNP;1;7.92342
2006-01-03 00:00:00;BUY;EQIX;1;36.7881
2006-01-03 00:00:00;BUY;BA;1;54.4733
2006-01-03 00:00:00;BUY;GOOGL;1;217.833
2006-01-03 00:00:00;BUY;HES;1;40.2824
2006-01-03 00:00:00;BUY;UNP;1;16.3602
2006-01-03 00:00:00;BUY;FRT;1;44.0346
2006-01-03 00:00:00;BUY;QCOM;1;35.9018
2006-01-03 00:00:00;BUY;GT;1;17.3227
2006-01-03 00:00:00;BUY;A;1;21.5143
2006-01-03 00:00:00;BUY;AME;1;11.7822
2006-01-03 00:00:00;BUY;CI;1;37.0493
2006-01-03 00:00:00;BUY;CRM;1;8.56
2006-01-03 00:00:00;BUY;MKC;1;24.4884
2006-01-03 00:00:00;BUY;HSY;1;41.8932
2006-01-03 00:00:00;BUY;AGN;1;32.94
2006-01-03 00:00:00;BUY;WMT;1;36.2041
2006-01-03 00:00:00;BUY;CL;1;21.2952
2006-01-03 00:00:00;BUY;IRM;1;17.2923
2006-01-03 00:00:00;BUY;JBHT;1;19.9072
2006-01-03 00:00:00;BUY;EOG;1;36.9307
2006-01-03 00:00:00;BUY;EBAY;1;18.7121
2006-01-03 00:00:00;BUY;ZBH;1;65.5241
2006-01-03 00:00:00;BUY;FL;1;16.9915
2006-01-03 00:00:00;BUY;ABC;1;18.1923
2006-01-03 00:00:00;BUY;IBM;1;65.8184
2006-01-03 00:00:00;BUY;FTI;1;10.9028
2006-01-03 00:00:00;BUY;COO;1;50.7373
2006-01-03 00:00:00;BUY;CHD;1;7.31166
2006-01-03 00:00:00;BUY;LMT;1;45.6624
2006-01-03 00:00:00;BUY;MCHP;1;21.2995
2006-01-03 00:00:00;BUY;APH;1;10.5689
2006-01-03 00:00:00;BUY;DOV;1;27.3612
2006-01-03 00:00:00;BUY;CERN;1;11.4963
2006-01-03 00:00:00;BUY;GILD;1;13.2932
2006-01-03 00:00:00;BUY;WAT;1;38.1
2006-01-03 00:00:00;BUY;PSA;1;50.5862
2006-01-03 00:00:00;BUY;RCL;1;39.2242
2006-01-03 00:00:00;BUY;PRU;1;58.1521
2006-01-03 00:00:00;BUY;PNR;1;27.3419
2006-01-03 00:00:00;BUY;CCL;1;41.0673
2006-01-03 00:00:00;BUY;RL;1;51.1616
2006-01-03 00:00:00;BUY;DOW;1;29.8736
2006-01-03 00:00:00;BUY;CMI;1;18.7561
2006-01-03 00:00:00;BUY;MAR;1;28.0139
2006-01-03 00:00:00;BUY;IPG;1;8.54337
2006-01-03 00:00:00;BUY;CTXS;1;29.24
2006-01-03 00:00:00;BUY;GGP;1;28.1031
2006-01-03 00:00:00;BUY;MCK;1;48.9986
2006-01-03 00:00:00;BUY;CB;1;44.366
2006-01-03 00:00:00;BUY;PG;1;42.773
2006-01-03 00:00:00;BUY;LNT;1;9.21659
2006-01-03 00:00:00;BUY;KSS;1;40.0066
2006-01-03 00:00:00;BUY;WMB;1;13.3265
2006-01-03 00:00:00;BUY;OKE;1;7.6508
2006-01-03 00:00:00;BUY;CHRW;1;30.1318
2006-01-03 00:00:00;BUY;TXN;1;26.6549
2006-01-03 00:00:00;BUY;PBCT;1;9.49665
2006-01-03 00:00:00;BUY;DISCA;1;7.71589
2006-01-03 00:00:00;BUY;PFG;1;37.0872
2006-01-03 00:00:00;BUY;LH;1;53.68
2006-01-03 00:00:00;BUY;HOG;1;41.177
2006-01-03 00:00:00;BUY;HSIC;1;43.68
2006-01-03 00:00:00;BUY;ENDP;1;31.03
2006-01-03 00:00:00;BUY;CAH;1;41.6958
2006-01-03 00:00:00;BUY;MU;1;13.51
2006-01-03 00:00:00;BUY;MLM;1;67.0152
2006-01-03 00:00:00;BUY;PKI;1;21.3999
2006-01-03 00:00:00;BUY;VMC;1;58.3694
2006-01-03 00:00:00;BUY;STJ;1;45.2443
2006-01-03 00:00:00;BUY;ADSK;1;42.75
2006-01-03 00:00:00;BUY;MCO;1;54.6701
2006-01-03 00:00:00;BUY;CA;1;22.5193
2006-01-03 00:00:00;BUY;XRAY;1;25.4613
2006-01-03 00:00:00;BUY;EXPE;1;33.075
2006-01-03 00:00:00;BUY;APC;1;44.9534
2006-01-03 00:00:00;BUY;MET;1;39.7962
2006-01-03 00:00:00;BUY;ALXN;1;5.0725
2006-01-03 00:00:00;BUY;HST;1;13.8145
2006-01-03 00:00:00;BUY;AAL;1;36.5357
2006-01-03 00:00:00;BUY;STI;1;58.3836
2006-01-03 00:00:00;BUY;CTSH;1;12.6675
2006-01-03 00:00:00;BUY;CBS;1;20.3238
2006-01-03 00:00:00;BUY;D;1;25.994
2006-01-03 00:00:00;BUY;BAX;1;16.6607
2006-01-03 00:00:00;BUY;PEP;1;44.4704
2006-01-03 00:00:00;BUY;XEL;1;11.873
2006-01-03 00:00:00;BUY;OI;1;21.32
2006-01-03 00:00:00;BUY;KLAC;1;31.3686
2006-01-03 00:00:00;BUY;FOXA;1;12.2645
2006-01-03 00:00:00;BUY;VRSN;1;18.3077
2006-01-03 00:00:00;BUY;KMX;1;14.285
2006-01-03 00:00:00;BUY;EMR;1;27.4691
2006-01-03 00:00:00;BUY;APD;1;42.3127
2006-01-03 00:00:00;BUY;DVN;1;56.8662
2006-01-03 00:00:00;BUY;VNO;1;52.1194
2006-01-03 00:00:00;BUY;EW;1;10.35
2006-01-03 00:00:00;BUY;UDR;1;13.674
2006-01-03 00:00:00;BUY;LEN;1;55.5631
2006-01-03 00:00:00;BUY;HOLX;1;18.275
2006-01-03 00:00:00;BUY;ATVI;1;6.40951
2006-01-03 00:00:00;BUY;HCN;1;18.9667
2006-01-03 00:00:00;BUY;XOM;1;44.7317
2006-01-03 00:00:00;BUY;NFLX;1;3.72143
2006-01-03 00:00:00;BUY;OMC;1;34.5187
2006-01-03 00:00:00;BUY;XLNX;1;19.9688
2006-01-03 00:00:00;BUY;SCG;1;24.8288
2006-01-03 00:00:00;BUY;ISRG;1;115.8
2006-01-03 00:00:00;BUY;KIM;1;20.1652
2006-01-03 00:00:00;BUY;COF;1;75.0303
2006-01-03 00:00:00;BUY;MAC;1;40.8445
2006-01-03 00:00:00;BUY;LOW;1;28.223
2006-01-03 00:00:00;BUY;TGT;1;44.1282
2006-01-03 00:00:00;BUY;PCAR;1;23.2467
2006-01-03 00:00:00;BUY;CAT;1;42.9101
2006-01-03 00:00:00;BUY;TMO;1;29.418
2006-01-03 00:00:00;BUY;AAP;1;41.6331
2006-01-03 00:00:00;BUY;MOS;1;12.9483
2006-01-03 00:00:00;BUY;DNB;1;57.5318
2006-01-03 00:00:00;BUY;BMY;1;14.9288
2006-01-03 00:00:00;BUY;BLK;1;85.1655
2006-01-03 00:00:00;BUY;HAS;1;14.8719
2006-01-03 00:00:00;BUY;CNC;1;13.225
2006-01-03 00:00:00;BUY;WY;1;17.5847
2006-01-03 00:00:00;BUY;MON;1;34.012
2006-01-03 00:00:00;BUY;L;1;30.0494
2006-01-03 00:00:00;BUY;LEG;1;15.3279
2006-01-03 00:00:00;BUY;AVB;1;61.3572
2006-01-03 00:00:00;BUY;BK;1;27.5491
2006-01-03 00:00:00;BUY;PVH;1;30.9857
2006-01-03 00:00:00;BUY;JCI;1;40.4502
2006-01-03 00:00:00;BUY;NFX;1;52.12
2006-01-03 00:00:00;BUY;ECL;1;31.3307
2006-01-03 00:00:00;BUY;FDX;1;97.1902
2006-01-03 00:00:00;BUY;TXT;1;35.409
2006-01-03 00:00:00;BUY;AEP;1;23.5938
2006-01-03 00:00:00;BUY;LLL;1;61.2528
2006-01-03 00:00:00;BUY;VZ;1;15.9154
2006-01-03 00:00:00;BUY;AEE;1;30.1983
2006-01-03 00:00:00;BUY;STX;1;14.4766
2006-01-03 00:00:00;BUY;HAR;1;89.0202
2006-01-03 00:00:00;BUY;ACN;1;23.7956
2006-01-03 00:00:00;BUY;CME;1;51.8889
2006-01-03 00:00:00;BUY;SYMC;1;12.9009
2006-01-03 00:00:00;BUY;YHOO;1;40.91
2006-01-03 00:00:00;BUY;ADS;1;36.866
2006-01-03 00:00:00;BUY;UNM;1;19.0011
2006-01-03 00:00:00;BUY;BSX;1;24.46
2006-01-03 00:00:00;BUY;ORLY;1;31.99
2006-01-03 00:00:00;BUY;DUK;1;28.9682
2006-01-03 00:00:00;BUY;BF-B;1;15.1651
2006-01-03 00:00:00;BUY;CINF;1;28.2709
2006-01-03 00:00:00;BUY;HPQ;1;10.9147
2006-01-03 00:00:00;BUY;ARNC;1;56.4173
2006-01-03 00:00:00;BUY;NSC;1;33.1255
2006-01-03 00:00:00;BUY;TSN;1;14.9127
2006-01-03 00:00:00;BUY;HAL;1;28.619
2006-01-03 00:00:00;BUY;COH;1;27.9353
2006-01-03 00:00:00;BUY;BRK-B;1;59.3
2006-01-03 00:00:00;BUY;AMT;1;25.1318
2006-01-03 00:00:00;BUY;SLB;1;43.9992
2006-01-03 00:00:00;BUY;UA;1;4.17
2006-01-03 00:00:00;BUY;SHW;1;37.7141
2006-01-03 00:00:00;BUY;AN;1;22.0
2006-01-03 00:00:00;BUY;EXC;1;35.5368
2006-01-03 00:00:00;BUY;ALB;1;17.3826
2006-01-03 00:00:00;BUY;ESRX;1;21.7075
2006-01-03 00:00:00;BUY;MMC;1;23.635
2006-01-03 00:00:00;BUY;MUR;1;36.4308
2006-01-03 00:00:00;BUY;ILMN;1;7.405
2006-01-03 00:00:00;BUY;BLL;1;18.3225
2006-01-03 00:00:00;BUY;PLD;1;33.5026
2006-01-03 00:00:00;BUY;CAG;1;14.2927
2006-01-03 00:00:00;BUY;ADI;1;27.2454
2006-01-03 00:00:00;BUY;PXD;1;51.4994
2006-01-03 00:00:00;BUY;CLX;1;41.4435
2006-01-03 00:00:00;BUY;DLR;1;14.4475
2006-01-03 00:00:00;BUY;EL;1;14.7745
2006-01-03 00:00:00;BUY;FFIV;1;30.895
2006-01-03 00:00:00;BUY;PDCO;1;29.7519
2006-01-03 00:00:00;BUY;HBAN;1;17.4829
2006-01-03 00:00:00;BUY;URI;1;23.82
2006-01-03 00:00:00;BUY;RHT;1;28.05
2006-01-03 00:00:00;BUY;PCLN;1;22.68
2006-01-03 00:00:00;BUY;NTAP;1;25.9922
2006-01-03 00:00:00;BUY;BXP;1;47.6448
2006-01-03 00:00:00;BUY;F;1;6.30455
2006-01-03 00:00:00;BUY;BWA;1;14.3471
2006-01-03 00:00:00;BUY;ALK;1;8.46655
2006-01-03 00:00:00;BUY;PEG;1;21.8466
2006-01-03 00:00:00;BUY;HCP;1;12.8603
2006-01-03 00:00:00;BUY;KMB;1;38.9045
2006-01-03 00:00:00;BUY;NKE;1;9.31115
2006-01-03 00:00:00;BUY;GIS;1;17.8921
2006-01-03 00:00:00;BUY;HRL;1;6.75909
2006-01-03 00:00:00;BUY;DHI;1;31.3246
2006-01-03 00:00:00;BUY;ETR;1;45.3967
2006-01-03 00:00:00;BUY;VFC;1;10.4261
2006-01-03 00:00:00;BUY;BCR;1;60.6258
2006-01-03 00:00:00;BUY;WBA;1;37.6433
2006-01-03 00:00:00;BUY;AIG;1;1060.57
2006-01-03 00:00:00;BUY;AXP;1;44.1031
2006-01-03 00:00:00;BUY;TMK;1;22.1549
2006-01-03 00:00:00;BUY;AET;1;43.4653
2006-01-03 00:00:00;BUY;HD;1;31.2326
2006-01-03 00:00:00;BUY;VAR;1;49.97
2006-01-03 00:00:00;BUY;MNST;1;10.365
2006-01-03 00:00:00;BUY;GS;1;113.748
2006-01-03 00:00:00;BUY;PRGO;1;14.3094
2006-01-03 00:00:00;BUY;MO;1;9.90376
2006-01-03 00:00:00;BUY;CELG;1;16.2225
2006-01-03 00:00:00;BUY;LNC;1;44.3741
2006-01-03 00:00:00;BUY;MDT;1;47.5068
2006-01-03 00:00:00;BUY;STZ;1;25.6136
2006-01-03 00:00:00;BUY;CVX;1;40.6604
2006-01-03 00:00:00;BUY;PNW;1;25.2266
2006-01-03 00:00:00;BUY;TROW;1;28.2931
2006-01-03 00:00:00;BUY;CTL;1;17.4267
2006-01-03 00:00:00;BUY;COG;1;5.77092
2006-01-03 00:00:00;BUY;IR;1;26.9961
2006-01-03 00:00:00;BUY;UTX;1;44.3672
2006-01-03 00:00:00;BUY;ITW;1;34.5223
2006-01-03 00:00:00;BUY;BEN;1;26.4942
2006-01-03 00:00:00;BUY;ROK;1;46.671
2006-01-03 00:00:00;BUY;SEE;1;22.357
2006-01-03 00:00:00;BUY;EQT;1;32.6437
2006-01-03 00:00:00;BUY;ORCL;1;11.5704
2006-01-03 00:00:00;BUY;ANTM;1;71.7266
2006-01-03 00:00:00;BUY;VRTX;1;27.9
2006-01-03 00:00:00;BUY;ES;1;13.7369
2006-01-03 00:00:00;BUY;PCG;1;24.8598
2006-01-03 00:00:00;BUY;CTAS;1;34.4345
2006-01-03 00:00:00;BUY;EMN;1;19.5111
2006-01-03 00:00:00;BUY;TGNA;1;42.8329
2006-01-03 00:00:00;BUY;CSCO;1;14.9328
2006-01-03 00:00:00;BUY;APA;1;63.731
2006-01-03 00:00:00;BUY;GPS;1;14.0549
2006-01-03 00:00:00;BUY;SCHW;1;12.5455
2006-01-03 00:00:00;BUY;RHI;1;30.9991
2006-01-03 00:00:00;BUY;PHM;1;38.1357
2006-01-03 00:00:00;BUY;WHR;1;64.0002
2006-01-03 00:00:00;BUY;GWW;1;59.3421
2006-01-03 00:00:00;BUY;AZO;1;92.76
2006-01-03 00:00:00;BUY;TIF;1;32.0278
2006-01-03 00:00:00;BUY;RSG;1;19.2322
2006-01-03 00:00:00;BUY;DTE;1;27.0338
2006-01-03 00:00:00;BUY;TWX;1;34.3997
2006-01-03 00:00:00;BUY;RRC;1;26.6657
2006-01-03 00:00:00;BUY;GPN;1;23.3097
2006-01-03 00:00:00;BUY;AFL;1;36.2284
2006-01-03 00:00:00;BUY;NOC;1;40.8098
2006-01-03 00:00:00;BUY;SRE;1;31.9803
2006-01-03 00:00:00;BUY;SYK;1;39.482
2006-01-03 00:00:00;BUY;FCX;1;20.1704
2006-01-03 00:00:00;BUY;FLIR;1;10.5571
2006-01-03 00:00:00;BUY;URBN;1;24.96
2006-01-03 00:00:00;BUY;LB;1;12.4098
2006-01-03 00:00:00;BUY;DGX;1;44.5719
2006-01-03 00:00:00;BUY;NEM;1;49.535
2006-01-03 00:00:00;BUY;RIG;1;71.0943
2006-01-03 00:00:00;BUY;ROST;1;6.5798
2006-01-03 00:00:00;BUY;FE;1;30.3134
2006-01-03 00:00:00;BUY;LRCX;1;35.5245
2006-01-03 00:00:00;BUY;DHR;1;20.74
2006-01-03 00:00:00;BUY;O;1;12.2875
2006-01-03 00:00:00;BUY;ICE;1;7.2901
2006-01-03 00:00:00;BUY;MS;1;40.8423
2006-01-03 00:00:00;BUY;AKAM;1;20.8
2006-01-03 00:00:00;BUY;DVA;1;25.76
2006-01-03 00:00:00;BUY;SPG;1;51.956
2006-01-03 00:00:00;BUY;AIV;1;18.2553
2006-01-03 00:00:00;BUY;AMAT;1;14.798
2006-01-03 00:00:00;BUY;PGR;1;19.7944
2006-01-03 00:00:00;BUY;ADBE;1;38.52
2006-01-03 00:00:00;BUY;AYI;1;23.9445
2006-01-03 00:00:00;BUY;MCD;1;24.1189
2006-01-03 00:00:00;BUY;HIG;1;69.2042
2006-01-03 00:00:00;BUY;EFX;1;34.4393
2006-01-03 00:00:00;BUY;TRV;1;35.1411
2006-01-03 00:00:00;BUY;K;1;32.1133
2006-01-03 00:00:00;BUY;UHS;1;22.2928
2006-01-03 00:00:00;BUY;PWR;1;13.37
2006-01-03 00:00:00;BUY;BAC;1;37.7241
2006-01-03 00:00:00;BUY;NRG;1;21.814
2006-01-03 00:00:00;BUY;WM;1;21.3196
2006-01-03 00:00:00;BUY;BBY;1;34.9405
2006-01-03 00:00:00;BUY;WDC;1;17.1645
2006-01-03 00:00:00;BUY;REGN;1;15.9
2006-01-03 00:00:00;BUY;ALL;1;41.2169
2006-01-03 00:00:00;BUY;NOV;1;26.5203
2006-01-03 00:00:00;BUY;HP;1;27.7089
2006-01-03 00:00:00;BUY;COP;1;31.3102
2006-01-03 00:00:00;BUY;CPB;1;22.1497
2006-01-03 00:00:00;BUY;CCI;1;24.4649
2006-01-03 00:00:00;BUY;EQR;1;22.6764
2006-01-03 00:00:00;BUY;FLS;1;12.1532
2006-01-03 00:00:00;BUY;MHK;1;89.6
2006-01-03 00:00:00;BUY;FAST;1;15.5648
2006-01-03 00:00:00;BUY;PNC;1;48.2272
2006-01-03 00:00:00;BUY;ETN;1;24.2826
2006-01-03 00:00:00;BUY;SJM;1;31.7098
2006-01-03 00:00:00;BUY;NVDA;1;11.8751
2006-01-03 00:00:00;BUY;CF;1;2.70894
2006-01-03 00:00:00;BUY;VIAB;1;36.1189
2006-01-03 00:00:00;BUY;ESS;1;65.1839
2006-01-03 00:00:00;BUY;RTN;1;30.0827
2006-01-03 00:00:00;BUY;MSI;1;79.9565
2006-01-03 00:00:00;BUY;TSS;1;15.0063
2006-01-03 00:00:00;BUY;MTD;1;55.62
2006-01-03 00:00:00;BUY;TSO;1;28.1661
2006-01-03 00:00:00;BUY;PH;1;36.7564
2006-01-03 00:00:00;BUY;CVS;1;23.1395
2006-01-03 00:00:00;BUY;SLG;1;61.1114
2006-01-03 00:00:00;BUY;RF;1;25.8637
2006-01-03 00:00:00;BUY;EA;1;53.34
2006-01-03 00:00:00;BUY;GLW;1;16.8842
2006-01-03 00:00:00;BUY;BBBY;1;36.1889
2006-01-03 00:00:00;BUY;ADM;1;19.6215
2006-01-03 00:00:00;BUY;FITB;1;28.286
2006-01-03 00:00:00;BUY;WFC;1;23.7315
2006-01-03 00:00:00;BUY;HON;1;28.9313
2006-01-03 00:00:00;BUY;JWN;1;28.0046
2006-01-03 00:00:00;BUY;SIG;1;32.8335
2006-01-03 00:00:00;BUY;ED;1;28.5237
2006-01-03 00:00:00;BUY;FOX;1;13.189
2006-01-03 00:00:00;BUY;LKQ;1;4.73625
2006-01-03 00:00:00;BUY;EIX;1;32.5786
2006-01-03 00:00:00;BUY;IP;1;23.2695
2006-01-03 00:00:00;BUY;VTR;1;19.7871
2006-01-03 00:00:00;BUY;MMM;1;59.9158
2006-01-03 00:00:00;BUY;GRMN;1;23.2401
2006-01-03 00:00:00;BUY;SPLS;1;17.2166
2006-01-03 00:00:00;BUY;JPM;1;30.3775
2006-01-03 00:00:00;BUY;COL;1;39.4385
2006-01-03 00:00:00;BUY;NI;1;5.21715
2006-01-03 00:00:00;BUY;INTU;1;25.5136
2006-01-03 00:00:00;BUY;HRS;1;32.8994
2006-01-03 00:00:00;BUY;INTC;1;18.3455
2006-01-03 00:00:00;BUY;PX;1;43.0108
2006-01-03 00:00:00;BUY;DE;1;26.7443
2006-01-03 00:00:00;BUY;XRX;1;12.2719
2006-01-03 00:00:00;BUY;SWKS;1;5.06236
2006-01-03 00:00:00;BUY;AIZ;1;36.6092
2006-01-03 00:00:00;BUY;SWK;1;36.7788
2006-01-03 00:00:00;BUY;WFM;1;32.9996
2006-01-03 00:00:00;BUY;PPG;1;22.0967
2006-01-03 00:00:00;BUY;LM;1;102.29
2006-01-03 00:00:00;BUY;NDAQ;1;33.7591
2006-01-03 00:00:00;BUY;AES;1;14.6093
2006-01-03 00:00:00;BUY;USB;1;22.4421
2006-01-03 00:00:00;BUY;GOOG;1;217.398
2006-01-03 00:00:00;BUY;KO;1;14.8865
2006-01-03 00:00:00;BUY;CMS;1;10.3714
2006-01-03 00:00:00;BUY;SRCL;1;29.305
2006-01-03 00:00:00;BUY;MTB;1;79.8665
2006-01-03 00:00:00;BUY;FTR;1;4.54279
2006-01-03 00:00:00;BUY;PFE;1;15.211
2006-01-03 00:00:00;BUY;MDLZ;1;13.7228
2006-01-03 00:00:00;BUY;IFF;1;27.0066
2006-01-03 00:00:00;BUY;PBI;1;24.6808
2006-01-03 00:00:00;BUY;DD;1;28.1092
2006-01-03 00:00:00;BUY;AAPL;1;9.72657
2006-01-03 00:00:00;BUY;ADP;1;27.659
2006-01-03 00:00:00;BUY;HUM;1;52.7926
2006-01-03 00:00:00;BUY;CMA;1;43.6574
2006-01-03 00:00:00;BUY;C;1;421.081
2006-01-03 00:00:00;BUY;TJX;1;10.1357
2006-01-03 00:00:00;BUY;SWN;1;18.785
2006-01-03 00:00:00;BUY;IVZ;1;12.1437
2006-01-03 00:00:00;BUY;SNA;1;30.2993
2006-01-03 00:00:00;BUY;NTRS;1;41.8294
2006-01-03 00:00:00;BUY;BDX;1;49.7032
2006-01-03 00:00:00;BUY;FISV;1;21.845
2006-01-03 00:00:00;BUY;WEC;1;14.5404
2006-01-03 00:00:00;BUY;NWL;1;18.2189
2006-01-26 00:00:00;BUY;CMG;1;44.0
2006-02-06 00:00:00;BUY;UAL;1;31.7014
2006-03-15 00:00:00;BUY;TDG;1;12.8139
2006-05-25 00:00:00;BUY;MA;1;4.40354
2006-07-19 00:00:00;BUY;WYN;1;27.1799
2006-09-06 00:00:00;BUY;HBI;1;5.02289
2006-10-02 00:00:00;BUY;WU;1;16.4565
2006-11-17 00:00:00;BUY;FSLR;1;24.74
2007-01-03 00:00:00;BUY;SE;1;18.8399
2007-05-03 00:00:00;BUY;DAL;1;20.0121
2007-06-14 00:00:00;BUY;DFS;1;25.2093
2007-06-14 00:00:00;BUY;TEL;1;32.8924
2007-08-03 00:00:00;BUY;CXO;1;12.9
2007-10-01 00:00:00;BUY;TDC;1;27.98
2007-10-25 00:00:00;BUY;ULTA;1;29.49
2008-03-17 00:00:00;BUY;PM;1;34.2807
2008-03-19 00:00:00;BUY;V;1;13.2994
2008-04-23 00:00:00;BUY;AWK;1;16.0416
2008-05-07 00:00:00;BUY;DPS;1;20.9731
2008-06-12 00:00:00;BUY;SNI;1;39.0163
2008-09-18 00:00:00;BUY;DISCK;1;8.0
2009-02-11 00:00:00;BUY;MJN;1;23.0772
2009-08-06 00:00:00;BUY;AVGO;1;14.7692
2009-10-07 00:00:00;BUY;VRSK;1;27.22
2009-11-13 00:00:00;BUY;DG;1;22.253
2010-01-05 00:00:00;BUY;CHTR;1;35.0
2010-04-28 00:00:00;BUY;LYB;1;15.4916
2010-11-18 00:00:00;BUY;GM;1;30.5387
2011-01-27 00:00:00;BUY;NLSN;1;23.3877
2011-02-11 00:00:00;BUY;KMI;1;24.5493
2011-03-10 00:00:00;BUY;HCA;1;24.8603
2011-06-24 00:00:00;BUY;MPC;1;16.3771
2011-09-16 00:00:00;BUY;FBHS;1;12.2243
2011-10-13 00:00:00;BUY;XYL;1;22.4336
2011-11-17 00:00:00;BUY;DLPH;1;20.1998
2011-12-07 00:00:00;BUY;TRIP;1;27.45
2011-12-15 00:00:00;BUY;KORS;1;24.2
2012-04-12 00:00:00;BUY;PSX;1;30.5731
2012-05-18 00:00:00;BUY;FB;1;38.23
2013-01-02 00:00:00;BUY;ABBV;1;30.4952
2013-02-01 00:00:00;BUY;ZTS;1;30.0743
2013-06-13 00:00:00;BUY;COTY;1;16.6126
2013-06-17 00:00:00;BUY;MNK;1;45.0
2013-06-19 00:00:00;BUY;NWS;1;15.1693
2013-06-19 00:00:00;BUY;NWSA;1;15.4201
2013-11-18 00:00:00;BUY;ALLE;1;47.6207
2014-04-17 00:00:00;BUY;NAVI;1;15.2897
2014-07-31 00:00:00;BUY;SYF;1;22.788
2014-09-24 00:00:00;BUY;CFG;1;22.1708
2015-01-02 00:00:00;BUY;QRVO;1;70.4
2015-06-24 00:00:00;BUY;WRK;1;60.6861
2015-07-01 00:00:00;BUY;UA.C;1;83.0852
2015-07-06 00:00:00;BUY;PYPL;1;36.71
2015-07-06 00:00:00;BUY;KHC;1;69.8058
2015-10-19 00:00:00;BUY;HPE;1;16.3425
2015-11-16 00:00:00;BUY;CSRA;1;31.4195
2016-01-06 00:00:00;BUY;WLTW;1;118.546
2016-06-09 00:00:00;BUY;NEE;1;25.01
2016-07-05 00:00:00;BUY;FTV;1;48.5345
